Страна;Аббревиатура;Размер вооруженных сил;Рождаемость;Код страны;Столица;Выбросы CO2;Индекс потребительских цен;Код валюты;Коэффициент рождаемости;Детская смертность;Крупнейший город;Ожидаемая продолжительность жизни;Материнская смертность;Официальный язык;Личные траты на здоровье;Врачи на тысячу;Доля рабочей силы (%);Налоговые поступления (%);Общий налоговый уровень;Широта;Долгота;ВВП;Население;Плотность;Городское население;Аграрные земли (%);Площадь (км2);Изменение CPI (%);Лесистая зона (%);Цена бензина;Обучение в начальной школе (%);Обучение в высшей школе (%);Минимальная зарплата;Уровень безработицы;Средний ВВП
Cape Verde;CV;1.0;19.489999771118164;238.0;Praia;543.0;110.5;CVE;0.0;0.0;Praia;72.8;58.0;Portuguese;0.0;0.7699999809265137;0.0;0.0;0.0;16.538799285888672;-23.041799545288086;1981845760.0;483628.0;138.0;364029.0;19.600000381469727;4033.0;1.100000023841858;22.5;1.0199999809265137;104.0;23.600000381469727;0.6800000071525574;12.25;1981845760.0
Canada;CA;72.0;0.0;1.0;Ottawa;0.0;116.76000213623047;CAD;0.0;0.0;Toronto;81.9;10.0;French;0.0;0.0;0.0;0.0;0.0;56.130367279052734;-106.34677124023438;1736425603072.0;36991980.0;4.0;30628482.0;6.900000095367432;9984670.0;1.899999976158142;38.20000076293945;0.8100000023841858;100.9000015258789;68.9000015258789;9.510000228881836;5.559999942779541;1736425603072.0
Chad;TD;35.0;42.16999816894531;235.0;N'Djamena;0.0;117.69999694824219;XAF;0.0;71.4000015258789;N'Djamena;54;1140.0;French;0.0;0.03999999910593033;0.0;0.0;0.0;15.454166412353516;18.732206344604492;11314951168.0;15946876.0;13.0;3712273.0;39.70000076293945;1284000.0;-1.0;3.799999952316284;0.7799999713897705;86.80000305175781;3.299999952316284;0.6000000238418579;1.8899999856948853;11314951168.0
Albania;AL;9.0;0.0;355.0;Tirana;0.0;119.05000305175781;ALL;0.0;0.0;Tirana;78.5;15.0;Albanian;0.0;0.0;0.0;0.0;0.0;41.1533317565918;20.168331146240234;15278077952.0;2854191.0;105.0;1747593.0;43.099998474121094;28748.0;1.399999976158142;28.100000381469727;1.3600000143051147;107.0;55.0;1.1200000047683716;12.329999923706055;15278077952.0
Finland;FI;25.0;0.0;358.0;Helsinki;0.0;112.33000183105469;EUR;0.0;0.0;Helsinki;81.7;3.0;Swedish;0.0;0.0;0.0;0.0;0.0;61.924110412597656;25.748151779174805;268761202688.0;5520314.0;18.0;4716888.0;7.5;338145.0;1.0;73.0999984741211;1.4500000476837158;100.19999694824219;88.19999694824219;0.0;6.590000152587891;268761202688.0
Iceland;IS;0.0;12.0;354.0;Reykjav??;0.0;129.0;ISK;0.0;0.0;Reykjav??;82.7;4.0;Icelandic;0.0;0.0;0.0;0.0;0.0;64.96305084228516;-19.020835876464844;24188035072.0;361313.0;3.0;33911.0;18.700000762939453;103.0;3.0;0.5;1.690000057220459;100.4000015258789;71.80000305175781;0.0;2.8399999141693115;24188035072.0
Israel;IL;178.0;0.0;972.0;Jerusalem;0.0;108.1500015258789;ILS;0.0;3.0;Jerusalem;82.8;3.0;Hebrew;0.0;0.0;0.0;0.0;0.0;31.046051025390625;34.85161209106445;395098652672.0;9053300.0;400.0;8374393.0;24.600000381469727;2077.0;0.800000011920929;7.699999809265137;1.5700000524520874;104.9000015258789;63.400001525878906;7.579999923706055;3.859999895095825;395098652672.0
Kyrgyzstan;KG;21.0;0.0;996.0;Bishkek;0.0;155.67999267578125;KGS;0.0;0.0;Bishkek;71.4;60.0;Russian;0.0;0.0;0.0;0.0;0.0;41.20438003540039;74.76609802246094;8454619648.0;6456900.0;34.0;2362644.0;55.0;199951.0;1.100000023841858;3.299999952316284;0.5600000023841858;107.5999984741211;41.29999923706055;0.09000000357627869;6.329999923706055;8454619648.0
Czech Republic;CZ;23.0;0.0;420.0;Prague;0.0;116.4800033569336;CZK;0.0;0.0;Prague;79;3.0;Czech;0.0;0.0;0.0;0.0;0.0;49.8174934387207;15.472962379455566;246489251840.0;10669709.0;139.0;7887156.0;45.20000076293945;78867.0;2.799999952316284;34.599998474121094;1.1699999570846558;100.69999694824219;64.0999984741211;3.0;1.9299999475479126;246489251840.0
Ghana;GH;16.0;29.40999984741211;233.0;Accra;0.0;268.3599853515625;GHS;0.0;34.900001525878906;Accra;63.8;308.0;English;0.0;0.14000000059604645;0.0;0.0;0.0;7.946527004241943;-1.0231939554214478;66983632896.0;30792608.0;137.0;17249054.0;69.0;238533.0;7.199999809265137;41.20000076293945;0.9200000166893005;104.80000305175781;15.699999809265137;0.27000001072883606;4.329999923706055;66983632896.0
Belize;BZ;2.0;20.790000915527344;501.0;Belmopan;568.0;105.68000030517578;BZD;0.0;0.0;Belize City;74.5;36.0;English;0.0;0.0;0.0;0.0;0.0;17.189876556396484;-88.49765014648438;1879613568.0;390353.0;17.0;179039.0;7.0;22966.0;-0.8999999761581421;59.70000076293945;1.1299999952316284;111.69999694824219;24.700000762939453;1.649999976158142;6.409999847412109;1879613568.0
Brazil;BR;730.0;13.920000076293945;55.0;Bras???;0.0;167.39999389648438;BRL;0.0;0.0;S????;75.7;60.0;Portuguese;0.0;0.0;0.0;0.0;0.0;-14.235004425048828;-51.9252815246582;1839758049280.0;212559424.0;25.0;183241648.0;33.900001525878906;8515770.0;3.700000047683716;58.900001525878906;1.0199999809265137;115.4000015258789;51.29999923706055;1.5299999713897705;12.079999923706055;1839758049280.0
The Gambia;GM;1.0;38.540000915527344;220.0;Banjul;532.0;172.72999572753906;GMD;0.0;39.0;Serekunda;61.7;597.0;English;0.0;0.10000000149011612;0.0;0.0;0.0;13.443181991577148;-15.310138702392578;1763819008.0;2347706.0;239.0;1453958.0;59.79999923706055;113.0;7.099999904632568;48.400001525878906;1.1799999475479126;98.0;2.700000047683716;0.12999999523162842;9.0600004196167;1763819008.0
Benin;BJ;12.0;36.220001220703125;229.0;Porto-Novo;0.0;110.70999908447266;XOF;0.0;60.5;Cotonou;61.5;397.0;French;0.0;0.07999999821186066;0.0;0.0;0.0;9.307689666748047;2.3158340454101562;14390709248.0;11801151.0;108.0;5648149.0;33.29999923706055;112622.0;-0.8999999761581421;37.79999923706055;0.7200000286102295;122.0;12.300000190734863;0.38999998569488525;2.2300000190734863;14390709248.0
Kenya;KE;29.0;28.75;254.0;Nairobi;0.0;180.50999450683594;KES;0.0;0.0;Nairobi;66.3;342.0;Swahili;0.0;0.1599999964237213;0.0;0.0;0.0;-0.023559000343084335;37.906192779541016;95503089664.0;52573972.0;94.0;14461523.0;48.5;580367.0;4.699999809265137;7.800000190734863;0.949999988079071;103.19999694824219;11.5;0.25;2.640000104904175;95503089664.0
China;CN;0.0;0.0;86.0;Beijing;0.0;125.08000183105469;CNY;0.0;0.0;Shanghai;77;29.0;Standard Chinese;0.0;0.0;0.0;0.0;0.0;35.86166000366211;104.19539642333984;19910000377856.0;1397714944.0;153.0;842933952.0;56.20000076293945;9596960.0;2.9000000953674316;22.399999618530273;0.9599999785423279;100.19999694824219;50.599998474121094;0.8700000047683716;4.320000171661377;19910000377856.0
India;IN;0.0;17.860000610351562;91.0;New Delhi;0.0;180.44000244140625;INR;0.0;0.0;Kurebhar;69.4;145.0;Hindi;0.0;0.8600000143051147;0.0;0.0;0.0;20.59368324279785;78.96288299560547;2611000115200.0;1366417792.0;464.0;471031520.0;60.400001525878906;3287263.0;7.699999809265137;23.799999237060547;0.9700000286102295;113.0;28.100000381469727;0.30000001192092896;5.360000133514404;2611000115200.0
Lebanon;LB;80.0;17.549999237060547;961.0;Beirut;0.0;130.02000427246094;LBP;0.0;0.0;Tripoli, Lebanon;78.9;29.0;Arabic;0.0;0.0;0.0;0.0;0.0;33.85472106933594;35.86228561401367;53367042048.0;6855713.0;667.0;6084994.0;64.30000305175781;104.0;3.0;13.399999618530273;0.7400000095367432;95.0999984741211;26.299999237060547;2.1500000953674316;6.230000019073486;53367042048.0
Belarus;BY;155.0;0.0;375.0;Minsk;0.0;0.0;BYN;0.0;0.0;Minsk;74.2;2.0;Russian;0.0;0.0;0.0;0.0;0.0;53.709808349609375;27.953388214111328;63080456192.0;9466856.0;47.0;7482982.0;42.0;2076.0;5.599999904632568;42.599998474121094;0.6000000238418579;100.5;87.4000015258789;1.4900000095367432;4.590000152587891;63080456192.0
Kiribati;KI;0.0;27.889999389648438;686.0;South Tarawa;66.0;99.55000305175781;AUD;0.0;41.20000076293945;South Tarawa;68.1;92.0;English;0.0;0.20000000298023224;0.0;0.0;0.0;1.836897611618042;-157.3768310546875;194647200.0;117606.0;147.0;64489.0;42.0;811.0;0.6000000238418579;15.0;0.0;101.30000305175781;0.0;0.0;0.0;194647200.0
Antigua and Barbuda;AG;0.0;15.329999923706055;1.0;St. John's, Saint John;557.0;113.80999755859375;XCD;0.0;5.0;St. John's, Saint John;76.9;42.0;English;0.0;0.0;0.0;0.0;0.0;17.060815811157227;-61.79642868041992;1727759232.0;97118.0;223.0;238.0;20.5;443.0;1.2000000476837158;22.299999237060547;0.9900000095367432;105.0;24.799999237060547;3.0399999618530273;0.0;1727759232.0
Guyana;GY;3.0;19.969999313354492;592.0;Georgetown, Guyana;0.0;116.19000244140625;GYD;0.0;0.0;Georgetown, Guyana;69.8;169.0;English;0.0;0.800000011920929;0.0;0.0;0.0;4.860415935516357;-58.930179595947266;4280443648.0;782766.0;4.0;208912.0;8.600000381469727;214969.0;2.0999999046325684;83.9000015258789;0.8999999761581421;97.80000305175781;11.600000381469727;0.9800000190734863;11.850000381469727;4280443648.0
Kuwait;KW;25.0;13.9399995803833;965.0;Kuwait City;0.0;126.5999984741211;KWD;0.0;0.0;Kuwait City;75.4;12.0;Modern Standard Arabic;0.0;0.0;0.0;0.0;0.0;29.311660766601562;47.48176574707031;134761201664.0;4207083.0;240.0;4207083.0;8.399999618530273;17818.0;1.100000023841858;0.4000000059604645;0.3499999940395355;92.4000015258789;54.400001525878906;0.949999988079071;2.180000066757202;134761201664.0
Cyprus;CY;16.0;0.0;357.0;Nicosia;0.0;102.51000213623047;EUR;0.0;0.0;Statos???????;80.8;6.0;Greek;0.0;0.0;0.0;0.0;0.0;35.12641143798828;33.42985916137695;24564647936.0;1198575.0;131.0;800708.0;12.199999809265137;9251.0;0.30000001192092896;18.700000762939453;1.2300000190734863;99.30000305175781;75.9000015258789;0.0;7.269999980926514;24564647936.0
Dominican Republic;DO;71.0;19.510000228881836;1.0;Santo Domingo;0.0;135.5;DOP;0.0;0.0;Santo Domingo;73.9;95.0;Spanish;0.0;0.0;0.0;0.0;0.0;18.735692977905273;-70.16265106201172;88941297664.0;10738958.0;225.0;8787475.0;48.70000076293945;4867.0;1.7999999523162842;41.70000076293945;1.0700000524520874;105.69999694824219;59.900001525878906;0.4000000059604645;5.840000152587891;88941297664.0
Eritrea;ER;202.0;0.0;291.0;Asmara;711.0;0.0;ERN;0.0;0.0;Asmara;65.9;480.0;Tigrinya;0.0;0.05999999865889549;0.0;0.0;0.0;15.179384231567383;39.78233337402344;2065001600.0;6333135.0;35.0;1149670.0;75.19999694824219;1176.0;0.0;14.899999618530273;2.0;68.4000015258789;3.4000000953674316;0.0;5.139999866485596;2065001600.0
Djibouti;DJ;13.0;21.469999313354492;253.0;Djibouti City;620.0;120.25;DJF;0.0;49.79999923706055;Djibouti City;66.6;248.0;French;0.0;0.2199999988079071;0.0;0.0;0.0;11.825138092041016;42.590274810791016;3318716416.0;97356.0;43.0;758549.0;73.4000015258789;232.0;3.299999952316284;0.20000000298023224;1.3200000524520874;75.30000305175781;5.300000190734863;0.0;10.300000190734863;3318716416.0
Botswana;BW;9.0;24.81999969482422;267.0;Gaborone;0.0;149.75;BWP;0.0;30.0;Gaborone;69.3;144.0;English;0.0;0.3700000047683716;0.0;0.0;0.0;-22.328474044799805;24.684865951538086;18340511744.0;2346179.0;4.0;1616550.0;45.599998474121094;58173.0;2.799999952316284;18.899999618530273;0.7099999785423279;103.19999694824219;24.899999618530273;0.28999999165534973;18.190000534057617;18340511744.0
Japan;JP;261.0;0.0;81.0;Tokyo;0.0;105.4800033569336;0;0.0;0.0;Tokyo;84.2;5.0;None;0.0;0.0;0.0;0.0;0.0;36.2048225402832;138.2529296875;5081769443328.0;126226568.0;347.0;115782416.0;12.300000190734863;377944.0;0.5;68.5;1.059999942779541;98.80000305175781;63.20000076293945;6.769999980926514;2.2899999618530273;5081769443328.0
Fiji;FJ;4.0;21.280000686645508;679.0;Suva;0.0;132.3000030517578;FJD;0.0;0.0;Suva;67.3;34.0;Fiji Hindi;0.0;0.8399999737739563;0.0;0.0;0.0;-17.71337127685547;178.06503295898438;5535548928.0;889953.0;49.0;505048.0;23.299999237060547;18274.0;1.7999999523162842;55.900001525878906;0.8199999928474426;106.4000015258789;16.100000381469727;1.2799999713897705;4.099999904632568;5535548928.0
Republic of Ireland;0;9.0;0.0;353.0;Dublin;0.0;106.58000183105469;EUR;0.0;0.0;Connacht;82.3;5.0;Irish;0.0;0.0;0.0;0.0;0.0;53.41291046142578;-8.243889808654785;388698701824.0;5007069.0;72.0;3133123.0;64.5;70273.0;0.8999999761581421;11.0;1.3700000047683716;100.9000015258789;77.80000305175781;10.789999961853027;4.929999828338623;388698701824.0
Chile;CL;122.0;0.0;56.0;Santiago;0.0;131.91000366210938;CLP;0.0;0.0;Santiago;80;13.0;Spanish;0.0;0.0;0.0;0.0;0.0;-35.675148010253906;-71.54296875;282318143488.0;18952038.0;26.0;16610135.0;21.200000762939453;756096.0;2.5999999046325684;24.299999237060547;1.0299999713897705;101.4000015258789;88.5;2.0;7.090000152587891;282318143488.0
Estonia;EE;6.0;0.0;372.0;Tallinn;0.0;122.13999938964844;EUR;0.0;0.0;Tallinn;78.2;9.0;Estonian;0.0;0.0;0.0;0.0;0.0;58.595272064208984;25.013607025146484;31386949632.0;1331824.0;31.0;916024.0;23.100000381469727;45228.0;2.299999952316284;51.29999923706055;1.1399999856948853;97.19999694824219;69.5999984741211;3.140000104904175;5.110000133514404;31386949632.0
Georgia;GE;26.0;13.470000267028809;995.0;Tbilisi;0.0;133.61000061035156;GEL;0.0;0.0;Tbilisi;73.6;25.0;Georgian;0.0;0.0;0.0;0.0;0.0;42.315406799316406;43.35689163208008;17743196160.0;3720382.0;57.0;2196476.0;34.5;697.0;4.900000095367432;40.599998474121094;0.7599999904632568;98.5999984741211;63.900001525878906;0.05000000074505806;14.399999618530273;17743196160.0
Indonesia;ID;676.0;0.0;62.0;Jakarta;0.0;151.17999267578125;IDR;0.0;0.0;Kalimantan;71.5;177.0;Indonesian;0.0;0.4300000071525574;0.0;0.0;0.0;-0.7892749905586243;113.92132568359375;1119190777856.0;270203904.0;151.0;151509728.0;31.5;1904569.0;3.0;49.900001525878906;0.6299999952316284;106.4000015258789;36.29999923706055;0.47999998927116394;4.690000057220459;1119190777856.0
The Bahamas;BS;1.0;13.970000267028809;1.0;Nassau, Bahamas;0.0;116.22000122070312;0;0.0;0.0;Nassau, Bahamas;73.8;70.0;English;0.0;0.0;0.0;0.0;0.0;25.03428077697754;-77.39627838134766;12826999808.0;389482.0;39.0;323784.0;1.399999976158142;1388.0;2.5;51.400001525878906;0.9200000166893005;81.4000015258789;15.100000381469727;5.25;10.359999656677246;12826999808.0
Iraq;IQ;209.0;0.0;964.0;Baghdad;0.0;119.86000061035156;IQD;0.0;0.0;Baghdad;70.5;79.0;Arabic;0.0;0.7099999785423279;0.0;0.0;0.0;33.22319030761719;43.679290771484375;234094034944.0;39309784.0;93.0;27783368.0;21.399999618530273;438317.0;0.4000000059604645;1.899999976158142;0.6100000143051147;108.69999694824219;16.200000762939453;1.2400000095367432;12.819999694824219;234094034944.0
Bosnia and Herzegovina;BA;11.0;0.0;387.0;Sarajevo;0.0;104.9000015258789;BAM;0.0;5.0;Tuzla Canton;77.3;10.0;Bosnian;0.0;0.0;0.0;0.0;0.0;43.91588592529297;17.679075241088867;20047847424.0;3301000.0;64.0;1605144.0;43.099998474121094;51197.0;0.6000000238418579;42.70000076293945;1.0499999523162842;0.0;23.299999237060547;1.0399999618530273;18.420000076293945;20047847424.0
Germany;DE;180.0;0.0;49.0;Berlin;0.0;112.8499984741211;EUR;0.0;0.0;Berlin;80.9;7.0;German;0.0;0.0;0.0;0.0;0.0;51.16569137573242;10.451525688171387;3845629935616.0;83132800.0;240.0;64324836.0;47.70000076293945;357022.0;1.399999976158142;32.70000076293945;1.3899999856948853;104.0;70.19999694824219;9.989999771118164;3.0399999618530273;3845629935616.0
Comoros;KM;0.0;31.8799991607666;269.0;Moroni, Comoros;202.0;103.62000274658203;KMF;0.0;51.29999923706055;Moroni, Comoros;64.1;273.0;French;0.0;0.27000001072883606;0.0;0.0;0.0;-11.645500183105469;43.33330154418945;1185728640.0;850886.0;467.0;248152.0;71.5;2235.0;-4.300000190734863;19.700000762939453;0.0;99.5;9.0;0.7099999785423279;4.340000152587891;1185728640.0
Croatia;HR;18.0;9.0;385.0;Zagreb;0.0;109.81999969482422;HRK;0.0;4.0;Zagreb;78.1;8.0;Croatian;0.0;3.0;0.0;0.0;0.0;45.099998474121094;0.0;60415553536.0;4067500.0;73.0;2328318.0;27.600000381469727;56594.0;0.800000011920929;34.400001525878906;1.2599999904632568;96.5;67.9000015258789;2.9200000762939453;6.929999828338623;60415553536.0
Guatemala;GT;43.0;24.559999465942383;502.0;Guatemala City;0.0;142.9199981689453;GTQ;0.0;0.0;Guatemala City;74.1;95.0;Spanish;0.0;0.3499999940395355;0.0;0.0;0.0;15.78347110748291;-90.23075866699219;76710387712.0;16604026.0;167.0;8540945.0;36.0;108889.0;3.700000047683716;32.70000076293945;0.7900000214576721;101.9000015258789;21.799999237060547;1.600000023841858;2.4600000381469727;76710387712.0
Haiti;HT;0.0;24.350000381469727;509.0;Port-au-Prince;0.0;179.2899932861328;HTG;0.0;49.5;Port-au-Prince;63.7;480.0;French;0.0;0.23000000417232513;0.0;0.0;0.0;18.971187591552734;-72.28521728515625;8498981888.0;11263077.0;414.0;6328948.0;66.80000305175781;2775.0;12.5;3.5;0.8100000023841858;113.5999984741211;1.100000023841858;0.25;13.779999732971191;8498981888.0
Burundi;BI;31.0;39.0099983215332;257.0;Bujumbura;495.0;182.11000061035156;BIF;0.0;41.0;Bujumbura;61.2;548.0;Kirundi;0.0;0.10000000149011612;0.0;0.0;0.0;-3.373055934906006;29.918886184692383;3012334848.0;11530580.0;463.0;1541177.0;79.19999694824219;2783.0;-0.699999988079071;10.899999618530273;1.2100000381469727;121.4000015258789;6.099999904632568;0.0;1.4299999475479126;3012334848.0
Republic of the Congo;0;12.0;32.86000061035156;242.0;Brazzaville;0.0;124.73999786376953;XAF;0.0;36.20000076293945;Brazzaville;64.3;378.0;French;0.0;0.11999999731779099;0.0;0.0;0.0;-0.22802099585533142;15.827658653259277;10820591616.0;5380508.0;16.0;3625010.0;31.100000381469727;342.0;2.200000047683716;65.4000015258789;0.9700000286102295;106.5999984741211;12.699999809265137;0.8799999952316284;9.470000267028809;10820591616.0
Afghanistan;AF;323.0;32.4900016784668;93.0;Kabul;0.0;149.89999389648438;AFN;0.0;47.900001525878906;Kabul;64.5;638.0;Pashto;0.0;0.2800000011920929;0.0;0.0;0.0;33.939109802246094;67.70995330810547;19101353984.0;38041752.0;60.0;9797273.0;58.099998474121094;65223.0;2.299999952316284;2.0999999046325684;0.699999988079071;104.0;9.699999809265137;0.4300000071525574;11.119999885559082;19101353984.0
Andorra;AD;0.0;0.0;376.0;Andorra la Vella;469.0;0.0;EUR;0.0;0.0;Andorra la Vella;0;0.0;Catalan;0.0;0.0;0.0;0.0;0.0;42.50628662109375;1.5218009948730469;3154057984.0;77142.0;164.0;67873.0;40.0;468.0;0.0;34.0;1.5099999904632568;106.4000015258789;0.0;6.630000114440918;0.0;3154057984.0
Bolivia;BO;71.0;21.75;591.0;Sucre;0.0;148.32000732421875;BOB;0.0;0.0;Santa Cruz de la Sierra;71.2;155.0;Spanish;0.0;0.0;0.0;0.0;0.0;-16.29015350341797;-63.588653564453125;40895324160.0;11513100.0;11.0;8033035.0;34.79999923706055;1098581.0;1.7999999523162842;50.29999923706055;0.7099999785423279;98.19999694824219;0.0;1.3600000143051147;3.5;40895324160.0
Cambodia;KH;191.0;22.459999084472656;855.0;Phnom Penh;0.0;127.62999725341797;0;0.0;24.0;Phnom Penh;69.6;160.0;Khmer language;0.0;0.17000000178813934;0.0;0.0;0.0;12.565678596496582;104.990966796875;27089389568.0;16486542.0;95.0;3924621.0;30.899999618530273;181035.0;2.5;52.900001525878906;0.8999999761581421;107.4000015258789;13.699999809265137;0.0;0.6800000071525574;27089389568.0
Australia;AU;58.0;0.0;61.0;Canberra;0.0;119.80000305175781;AUD;0.0;0.0;Sydney;82.7;6.0;None;0.0;0.0;0.0;0.0;0.0;-25.274398803710938;133.77513122558594;1392680632320.0;25766604.0;3.0;21844756.0;48.20000076293945;7741220.0;1.600000023841858;16.299999237060547;0.9300000071525574;100.30000305175781;113.0999984741211;13.59000015258789;5.269999980926514;1392680632320.0
Azerbaijan;AZ;82.0;14.0;994.0;Baku;0.0;156.32000732421875;AZN;0.0;0.0;Baku;72.9;26.0;Azerbaijani language;0.0;0.0;0.0;0.0;0.0;40.143104553222656;47.576927185058594;39206998016.0;10023318.0;123.0;5616165.0;57.70000076293945;866.0;2.5999999046325684;14.100000381469727;0.5600000023841858;99.69999694824219;27.700000762939453;0.4699999988079071;5.510000228881836;39206998016.0
Ivory Coast;CI;27.0;35.7400016784668;225.0;Yamoussoukro;0.0;111.61000061035156;XOF;0.0;59.400001525878906;Abidjan;57.4;617.0;French;0.0;0.23000000417232513;0.0;0.0;0.0;7.539988994598389;-5.547080039978027;58792206336.0;25716544.0;83.0;13176900.0;64.80000305175781;322463.0;-0.8999999761581421;32.70000076293945;0.9300000071525574;99.80000305175781;9.300000190734863;0.36000001430511475;3.319999933242798;58792206336.0
Cameroon;CM;24.0;35.38999938964844;237.0;Yaound?;0.0;118.6500015258789;XAF;0.0;50.599998474121094;Douala;58.9;529.0;French;0.0;0.09000000357627869;0.0;0.0;0.0;7.36972188949585;12.354722023010254;38760468480.0;25876380.0;56.0;14741256.0;20.600000381469727;47544.0;2.5;39.29999923706055;1.0299999713897705;103.4000015258789;12.800000190734863;0.3499999940395355;3.380000114440918;38760468480.0
Gabon;GA;7.0;31.610000610351562;241.0;Libreville;0.0;122.19000244140625;XAF;0.0;32.70000076293945;Libreville;66.2;252.0;French;0.0;0.6800000071525574;0.0;0.0;0.0;-0.8036890029907227;11.609443664550781;16657959936.0;2172579.0;9.0;1949694.0;20.0;267667.0;2.0999999046325684;90.0;0.9200000166893005;139.89999389648438;8.300000190734863;1.4600000381469727;20.0;16657959936.0
Jordan;JO;116.0;21.979999542236328;962.0;Amman;0.0;125.5999984741211;JOD;0.0;0.0;Amman;74.4;46.0;Arabic;0.0;0.0;0.0;0.0;0.0;30.585163116455078;36.2384147644043;43743662080.0;10101694.0;115.0;9213048.0;12.0;89342.0;0.800000011920929;1.100000023841858;1.100000023841858;81.5;34.400001525878906;1.4900000095367432;14.720000267028809;43743662080.0
Grenada;GD;0.0;16.469999313354492;1.0;St. George's, Grenada;268.0;107.43000030517578;XCD;0.0;0.0;St. George's, Grenada;72.4;25.0;English;0.0;0.0;0.0;0.0;0.0;12.116499900817871;-61.67900085449219;1228170368.0;112003.0;331.0;40765.0;23.5;349.0;0.800000011920929;50.0;1.1200000047683716;106.9000015258789;104.5999984741211;0.0;0.0;1228170368.0
Guinea-Bissau;GW;4.0;35.130001068115234;245.0;Bissau;293.0;111.6500015258789;XOF;0.0;54.0;Bissau;58;667.0;Portuguese;0.0;0.12999999523162842;0.0;0.0;0.0;11.803749084472656;-15.180413246154785;1340389376.0;1920922.0;70.0;840922.0;58.0;36125.0;1.399999976158142;69.80000305175781;0.0;118.69999694824219;2.5999999046325684;0.1599999964237213;2.4700000286102295;1340389376.0
Italy;IT;347.0;0.0;39.0;Rome;0.0;110.62000274658203;EUR;0.0;0.0;Rome;82.9;2.0;Italian;0.0;0.0;0.0;0.0;0.0;41.87194061279297;12.56737995147705;2001244389376.0;60297396.0;206.0;42651968.0;43.20000076293945;30134.0;0.6000000238418579;31.799999237060547;1.6100000143051147;101.9000015258789;61.900001525878906;0.0;9.890000343322754;2001244389376.0
Bulgaria;BG;31.0;0.0;359.0;Sofia;0.0;114.41999816894531;BGN;0.0;0.0;Sofia;74.9;10.0;Bulgarian;0.0;0.0;0.0;0.0;0.0;42.733882904052734;25.485830307006836;86000001024.0;6975761.0;64.0;5256027.0;46.29999923706055;110879.0;3.0999999046325684;35.400001525878906;1.1100000143051147;89.30000305175781;71.0;1.5700000524520874;4.340000152587891;86000001024.0
Armenia;AM;49.0;13.989999771118164;374.0;Yerevan;0.0;129.17999267578125;AMD;0.0;11.0;Yerevan;74.9;26.0;Armenian;0.0;0.0;0.0;0.0;0.0;40.06909942626953;45.03818893432617;13672802304.0;2957731.0;104.0;1869848.0;58.900001525878906;29743.0;1.399999976158142;11.699999809265137;0.7699999809265137;92.69999694824219;54.599998474121094;0.6600000262260437;16.989999771118164;13672802304.0
Austria;AT;21.0;0.0;43.0;Vienna;0.0;118.05999755859375;EUR;0.0;0.0;Vienna;81.6;5.0;German;0.0;0.0;0.0;0.0;0.0;47.516231536865234;14.550071716308594;446314741760.0;8877067.0;109.0;5194416.0;32.400001525878906;83871.0;1.5;46.900001525878906;1.2000000476837158;103.0999984741211;85.0999984741211;0.0;4.670000076293945;446314741760.0
France;FR;307.0;0.0;33.0;Paris;0.0;110.05000305175781;EUR;0.0;0.0;Paris;82.5;8.0;French;0.0;0.0;0.0;0.0;0.0;46.227638244628906;2.2137489318847656;2715518238720.0;67059888.0;119.0;54123364.0;52.400001525878906;643801.0;1.100000023841858;31.200000762939453;1.3899999856948853;102.5;65.5999984741211;11.15999984741211;8.430000305175781;2715518238720.0
Liberia;LR;2.0;33.040000915527344;231.0;Monrovia;0.0;223.1300048828125;0;0.0;53.5;Monrovia;63.7;661.0;English;0.0;0.03999999910593033;0.0;0.0;0.0;6.4280548095703125;-9.429498672485352;3070518016.0;4937374.0;53.0;2548426.0;28.0;111369.0;23.600000381469727;43.099998474121094;0.800000011920929;85.0999984741211;11.899999618530273;0.17000000178813934;2.809999942779541;3070518016.0
Costa Rica;CR;10.0;13.970000267028809;506.0;San Jos??????;0.0;128.85000610351562;CRC;0.0;0.0;San Jos??????;80.1;27.0;Spanish;0.0;0.0;0.0;0.0;0.0;9.748916625976562;-83.75342559814453;61773942784.0;5047561.0;100.0;4041885.0;34.5;511.0;2.0999999046325684;54.599998474121094;0.9800000190734863;113.30000305175781;55.20000076293945;1.840000033378601;11.850000381469727;61773942784.0
Egypt;EG;836.0;26.3799991607666;20.0;Cairo;0.0;288.57000732421875;EGP;0.0;0.0;Cairo;71.8;37.0;Modern Standard Arabic;0.0;0.44999998807907104;0.0;0.0;0.0;26.820552825927734;30.80249786376953;303175139328.0;100388072.0;103.0;42895824.0;3.799999952316284;1001450.0;9.199999809265137;0.10000000149011612;0.4000000059604645;106.30000305175781;35.20000076293945;0.0;10.760000228881836;303175139328.0
El Salvador;SV;42.0;18.25;503.0;San Salvador;0.0;111.2300033569336;0;0.0;0.0;San Salvador;73.1;46.0;Spanish;0.0;0.0;0.0;0.0;0.0;13.794184684753418;-88.89653015136719;27022639104.0;6453553.0;313.0;4694702.0;76.4000015258789;21041.0;0.10000000149011612;12.600000381469727;0.8299999833106995;94.80000305175781;29.399999618530273;0.5;4.110000133514404;27022639104.0
Greece;GR;146.0;0.0;30.0;Athens;0.0;101.87000274658203;EUR;0.0;0.0;Macedonia;81.3;3.0;Greek;0.0;0.0;0.0;0.0;0.0;39.0742073059082;21.824312210083008;209852760064.0;10716322.0;81.0;8507474.0;47.599998474121094;131957.0;0.20000000298023224;31.700000762939453;1.5399999618530273;99.5999984741211;136.60000610351562;4.460000038146973;17.239999771118164;209852760064.0
Honduras;HN;23.0;0.0;504.0;Tegucigalpa;0.0;150.33999633789062;HNL;0.0;0.0;Tegucigalpa;75.1;65.0;Spanish;0.0;0.3100000023841858;0.0;0.0;0.0;15.19999885559082;-86.24190521240234;25095395328.0;9746117.0;89.0;5626433.0;28.899999618530273;11209.0;4.400000095367432;40.0;0.9800000190734863;91.5;26.200000762939453;1.0099999904632568;5.389999866485596;25095395328.0
Kazakhstan;KZ;71.0;21.770000457763672;7.0;Astana;0.0;182.75;KZT;0.0;0.0;Almaty;73.2;10.0;Russian;0.0;0.0;0.0;0.0;0.0;48.01957321166992;66.9236831665039;180161740800.0;18513930.0;7.0;10652915.0;80.4000015258789;2724900.0;5.199999809265137;1.2000000476837158;0.41999998688697815;104.4000015258789;61.70000076293945;0.4099999964237213;4.590000152587891;180161740800.0
Burkina Faso;BF;11.0;37.93000030517578;226.0;Ouagadougou;0.0;106.58000183105469;XOF;0.0;49.0;Ouagadougou;61.2;320.0;French;0.0;0.07999999821186066;0.0;0.0;0.0;12.238332748413086;-1.5615930557250977;15745810432.0;20321378.0;76.0;6092349.0;44.20000076293945;2742.0;-3.200000047683716;19.299999237060547;0.9800000190734863;96.0999984741211;6.5;0.3400000035762787;6.260000228881836;15745810432.0
Bahrain;BH;19.0;13.989999771118164;973.0;Manama;0.0;117.58999633789062;BHD;0.0;0.0;Riffa;77.2;14.0;Arabic;0.0;0.9300000071525574;0.0;0.0;0.0;26.066699981689453;50.557701110839844;38574067712.0;1501635.0;2239.0;1467109.0;11.100000381469727;765.0;2.0999999046325684;0.800000011920929;0.4300000071525574;99.4000015258789;50.5;0.0;0.7099999785423279;38574067712.0
Cuba;CU;76.0;0.0;53.0;Havana;0.0;0.0;CUP;0.0;0.0;Havana;78.7;36.0;Spanish;0.0;0.0;0.0;0.0;0.0;21.521757125854492;-77.78116607666016;100023001088.0;11333483.0;106.0;8739135.0;59.900001525878906;11086.0;0.0;31.299999237060547;1.399999976158142;101.9000015258789;41.400001525878906;0.05000000074505806;1.6399999856948853;100023001088.0
Colombia;CO;481.0;14.880000114440918;57.0;Bogot?;0.0;140.9499969482422;COP;0.0;0.0;Bogot?;77.1;83.0;Spanish;0.0;0.0;0.0;0.0;0.0;4.570868015289307;-74.29733276367188;323802791936.0;50339444.0;46.0;40827304.0;40.29999923706055;1138910.0;3.5;52.70000076293945;0.6800000071525574;114.5;55.29999923706055;1.2300000190734863;9.710000038146973;323802791936.0
Dominica;DM;0.0;12.0;1.0;Roseau;180.0;103.87000274658203;XCD;0.0;32.900001525878906;Roseau;76.6;0.0;English;0.0;0.0;0.0;0.0;0.0;15.414999008178711;-61.370975494384766;596033344.0;71808.0;96.0;5083.0;33.29999923706055;751.0;1.0;57.400001525878906;0.0;114.69999694824219;7.199999809265137;1.4800000190734863;0.0;596033344.0
Hungary;HU;40.0;0.0;36.0;Budapest;0.0;121.63999938964844;HUF;0.0;0.0;Budapest;75.8;12.0;Hungarian;0.0;0.0;0.0;0.0;0.0;47.16249465942383;19.50330352783203;160967163904.0;9769949.0;107.0;6999582.0;58.400001525878906;93028.0;3.299999952316284;22.899999618530273;1.1799999475479126;100.80000305175781;48.5;2.619999885559082;3.4000000953674316;160967163904.0
Algeria;DZ;317.0;24.280000686645508;213.0;Algiers;0.0;151.36000061035156;DZD;0.0;0.0;Algiers;76.7;112.0;Arabic;0.0;0.0;0.0;0.0;0.0;28.033885955810547;1.6596260070800781;169988243456.0;43053056.0;18.0;31510100.0;17.399999618530273;2381741.0;2.0;0.800000011920929;0.2800000011920929;109.9000015258789;51.400001525878906;0.949999988079071;11.699999809265137;169988243456.0
Central African Republic;CF;8.0;35.349998474121094;236.0;Bangui;297.0;186.86000061035156;0;0.0;84.5;Bangui;52.8;829.0;French;0.0;0.05999999865889549;0.0;0.0;0.0;6.611111164093018;20.939443588256836;2220307456.0;4745185.0;8.0;1982064.0;8.199999809265137;622984.0;37.099998474121094;35.599998474121094;1.409999966621399;102.0;3.0;0.3700000047683716;3.680000066757202;2220307456.0
Denmark;DK;15.0;0.0;45.0;Copenhagen;0.0;110.3499984741211;DKK;0.0;0.0;Copenhagen;81;4.0;Danish;0.0;0.0;0.0;0.0;0.0;56.263919830322266;9.501785278320312;348078014464.0;5818553.0;137.0;5119978.0;62.0;43094.0;0.800000011920929;14.699999809265137;1.5499999523162842;101.30000305175781;80.5999984741211;0.0;4.909999847412109;348078014464.0
Equatorial Guinea;GQ;1.0;33.2400016784668;240.0;Malabo;0.0;124.3499984741211;XAF;0.0;62.599998474121094;Malabo;58.4;301.0;Spanish;0.0;0.4000000059604645;0.0;0.0;0.0;1.6508009433746338;10.267894744873047;11026775040.0;1355986.0;50.0;984812.0;10.100000381469727;28051.0;1.2000000476837158;55.5;0.0;61.79999923706055;1.899999976158142;1.0499999523162842;6.429999828338623;11026775040.0
Bangladesh;BD;221.0;18.18000030517578;880.0;Dhaka;0.0;179.67999267578125;BDT;0.0;0.0;Dhaka;72.3;173.0;Bengali;0.0;0.5799999833106995;0.0;0.0;0.0;23.684993743896484;90.35633087158203;302571257856.0;167310832.0;1265.0;60987416.0;70.5999984741211;14846.0;5.599999904632568;11.0;1.1200000047683716;116.5;20.600000381469727;0.5099999904632568;4.190000057220459;302571257856.0
Barbados;BB;1.0;0.0;1.0;Bridgetown;0.0;134.08999633789062;BBD;0.0;0.0;Bridgetown;79.1;27.0;English;0.0;0.0;0.0;0.0;0.0;13.193886756896973;-59.54319763183594;5208999936.0;287025.0;668.0;89431.0;23.299999237060547;430.0;4.099999904632568;14.699999809265137;1.809999942779541;99.4000015258789;65.4000015258789;3.130000114440918;10.329999923706055;5208999936.0
Vatican City;0;0.0;0.0;379.0;Vatican City;0.0;0.0;EUR;0.0;0.0;0;0;0.0;Italian;0.0;0.0;0.0;0.0;0.0;41.902915954589844;12.453389167785645;0.0;836.0;2003.0;0.0;0.0;0.0;0.0;0.0;0.0;0.0;0.0;0.0;0.0;0.0
Ethiopia;ET;138.0;32.34000015258789;251.0;Addis Ababa;0.0;143.86000061035156;ETB;0.0;39.099998474121094;Addis Ababa;66.2;401.0;Amharic;0.0;0.07999999821186066;0.0;0.0;0.0;9.145000457763672;40.48967361450195;96107659264.0;112078728.0;115.0;23788710.0;36.29999923706055;1104300.0;15.800000190734863;12.5;0.75;101.0;8.100000381469727;0.0;2.0799999237060547;96107659264.0
Iran;IR;563.0;18.780000686645508;98.0;Tehran;0.0;550.9299926757812;IRR;0.0;0.0;Tehran;76.5;16.0;Persian;0.0;0.0;0.0;0.0;0.0;32.42790985107422;53.688045501708984;445345267712.0;82913904.0;52.0;62509624.0;28.200000762939453;1648195.0;39.900001525878906;6.599999904632568;0.4000000059604645;110.69999694824219;68.0999984741211;1.5800000429153442;11.380000114440918;445345267712.0
Eswatini;0;0.0;0.0;268.0;Mbabane;0.0;0.0;0;0.0;0.0;Mbabane;0;0.0;English;0.0;0.0;0.0;0.0;0.0;-26.522502899169922;31.465866088867188;3791304448.0;1093238.0;67.0;0.0;0.0;17364.0;0.0;0.0;0.0;0.0;0.0;0.0;0.0;3791304448.0
Jamaica;JM;4.0;0.0;1876.0;Kingston, Jamaica;0.0;162.47000122070312;JMD;0.0;0.0;Kingston, Jamaica;74.4;80.0;Jamaican English;0.0;0.0;0.0;0.0;0.0;18.109580993652344;-77.2975082397461;16458071040.0;2948279.0;273.0;1650594.0;41.0;10991.0;3.9000000953674316;30.899999618530273;1.1100000143051147;91.0;27.100000381469727;1.3300000429153442;8.0;16458071040.0
Latvia;LV;6.0;10.0;371.0;Riga;0.0;116.86000061035156;EUR;0.0;0.0;Riga;74.7;19.0;Latvian;0.0;0.0;0.0;0.0;0.0;56.879634857177734;24.60318946838379;34117201920.0;1912789.0;30.0;1304943.0;31.100000381469727;64589.0;2.799999952316284;54.0;1.159999966621399;99.4000015258789;88.0999984741211;2.799999952316284;6.519999980926514;34117201920.0
Argentina;AR;105.0;0.0;54.0;Buenos Aires;0.0;232.75;ARS;0.0;0.0;Buenos Aires;76.5;39.0;Spanish;0.0;0.0;0.0;0.0;0.0;-38.41609573364258;-63.61667251586914;449663434752.0;44938712.0;17.0;41339572.0;54.29999923706055;2780400.0;53.5;9.800000190734863;1.100000023841858;109.69999694824219;90.0;3.3499999046325684;9.789999961853027;449663434752.0
Brunei;BN;8.0;0.0;673.0;Bandar Seri Begawan;0.0;99.02999877929688;BND;0.0;0.0;0;75.7;31.0;Malay;0.0;0.0;0.0;0.0;0.0;4.535276889801025;114.72766876220703;13469422592.0;433285.0;83.0;337711.0;2.700000047683716;5765.0;-0.4000000059604645;72.0999984741211;0.3700000047683716;103.19999694824219;31.399999618530273;0.0;9.119999885559082;13469422592.0
Angola;AO;117.0;40.72999954223633;244.0;Luanda;0.0;261.7300109863281;AOA;0.0;51.599998474121094;Luanda;60.8;241.0;Portuguese;0.0;0.20999999344348907;0.0;0.0;0.0;-11.202692031860352;17.873886108398438;94635417600.0;31825296.0;26.0;21061024.0;47.5;1246700.0;17.100000381469727;46.29999923706055;0.9700000286102295;113.5;9.300000190734863;0.7099999785423279;6.889999866485596;94635417600.0
Belgium;BE;32.0;0.0;32.0;City of Brussels;0.0;117.11000061035156;EUR;0.0;0.0;Brussels;81.6;5.0;French;0.0;0.0;0.0;0.0;0.0;50.50388717651367;4.469935894012451;529606705152.0;11484055.0;383.0;11259082.0;44.599998474121094;30528.0;1.399999976158142;22.600000381469727;1.4299999475479126;103.9000015258789;79.69999694824219;10.3100004196167;5.590000152587891;529606705152.0
Laos;LA;129.0;23.549999237060547;856.0;Vientiane;0.0;135.8699951171875;LAK;0.0;37.599998474121094;Vientiane;67.6;185.0;Lao;0.0;0.3700000047683716;0.0;0.0;0.0;19.85626983642578;102.49549865722656;18173839360.0;7169455.0;32.0;2555552.0;10.300000190734863;2368.0;3.299999952316284;82.0999984741211;0.9300000071525574;102.4000015258789;15.0;0.8299999833106995;0.6299999952316284;18173839360.0
Bhutan;BT;6.0;17.260000228881836;975.0;Thimphu;0.0;167.17999267578125;0;0.0;0.0;Thimphu;71.5;183.0;Dzongkha;0.0;0.41999998688697815;0.0;0.0;0.0;27.514162063598633;90.43360137939453;2446674176.0;727145.0;20.0;317538.0;13.600000381469727;38394.0;2.700000047683716;72.5;0.9800000190734863;100.0999984741211;15.600000381469727;0.3199999928474426;2.3399999141693115;2446674176.0
Democratic Republic of the Congo;CD;134.0;41.18000030517578;243.0;Kinshasa;0.0;133.85000610351562;CDF;0.0;68.19999694824219;Kinshasa;60.4;473.0;French;0.0;0.07000000029802322;0.0;0.0;0.0;-4.038332939147949;21.758663177490234;47319625728.0;86790568.0;40.0;39095680.0;11.600000381469727;2344858.0;2.9000000953674316;67.19999694824219;1.4900000095367432;108.0;6.599999904632568;0.18000000715255737;4.239999771118164;47319625728.0
Ecuador;EC;41.0;19.719999313354492;593.0;Quito;0.0;124.13999938964844;USD;0.0;0.0;Quito;76.8;59.0;Spanish;0.0;0.0;0.0;0.0;0.0;-1.8312389850616455;-78.18340301513672;107435663360.0;17373662.0;71.0;11116711.0;22.200000762939453;283561.0;0.30000001192092896;50.20000076293945;0.6100000143051147;103.30000305175781;44.900001525878906;2.4600000381469727;3.9700000286102295;107435663360.0
Guinea;GN;13.0;36.36000061035156;224.0;Conakry;0.0;262.95001220703125;GNF;0.0;64.9000015258789;Kankan;61.2;576.0;French;0.0;0.07999999821186066;0.0;0.0;0.0;9.945587158203125;-9.69664478302002;13590282240.0;12771246.0;53.0;4661505.0;59.0;245857.0;9.5;25.799999237060547;0.8999999761581421;91.5;11.600000381469727;0.0;4.300000190734863;13590282240.0
Lesotho;LS;2.0;26.809999465942383;266.0;Maseru;0.0;155.86000061035156;0;0.0;65.69999694824219;Maseru;53.7;544.0;English;0.0;0.07000000029802322;0.0;0.0;0.0;-29.609987258911133;28.23360824584961;2460072448.0;2125268.0;71.0;607508.0;77.5999984741211;30355.0;5.199999809265137;1.600000023841858;0.699999988079071;120.9000015258789;10.199999809265137;0.4099999964237213;23.40999984741211;2460072448.0
Panama;PA;26.0;18.979999542236328;507.0;Panama City;0.0;122.06999969482422;0;0.0;0.0;Panama City;78.3;52.0;Spanish;0.0;0.0;0.0;0.0;0.0;8.537981033325195;-80.7821273803711;66800799744.0;4246439.0;58.0;2890084.0;30.399999618530273;7542.0;-0.4000000059604645;61.900001525878906;0.7400000095367432;94.4000015258789;47.79999923706055;1.5299999713897705;3.9000000953674316;66800799744.0
Madagascar;MG;22.0;32.65999984741211;261.0;Antananarivo;0.0;184.3300018310547;MGA;0.0;38.20000076293945;Antananarivo;66.7;335.0;French;0.0;0.18000000715255737;0.0;0.0;0.0;-18.76694679260254;46.86910629272461;14083906560.0;26969308.0;48.0;10210849.0;71.19999694824219;587041.0;5.599999904632568;21.399999618530273;1.1100000143051147;142.5;5.400000095367432;0.20999999344348907;1.7599999904632568;14083906560.0
Nauru;NR;0.0;0.0;674.0;Yaren District;0.0;0.0;AUD;0.0;0.0;0;0;0.0;English;0.0;0.0;0.0;0.0;0.0;-0.5227779746055603;166.93150329589844;133000000.0;10084.0;541.0;0.0;0.0;21.0;0.0;0.0;0.0;0.0;0.0;0.0;0.0;133000000.0
Paraguay;PY;27.0;20.56999969482422;595.0;Asunci??;0.0;143.82000732421875;PYG;0.0;0.0;Ciudad del Este;74.1;129.0;Spanish;0.0;0.0;0.0;0.0;0.0;-23.442502975463867;-58.44383239746094;38145290240.0;7044636.0;18.0;4359150.0;55.099998474121094;406752.0;2.799999952316284;37.70000076293945;1.0399999618530273;104.4000015258789;34.599998474121094;1.5499999523162842;4.809999942779541;38145290240.0
Russia;RU;0.0;0.0;7.0;Moscow;0.0;180.75;RUB;0.0;0.0;Moscow;72.7;17.0;Russian;0.0;0.0;0.0;0.0;0.0;61.524009704589844;105.31875610351562;1699876569088.0;144373536.0;9.0;107683888.0;13.300000190734863;17098240.0;4.5;49.79999923706055;0.5899999737739563;102.5999984741211;81.9000015258789;0.5299999713897705;4.590000152587891;1699876569088.0
S???????????;ST;1.0;31.540000915527344;239.0;S????;121.0;185.08999633789062;STN;0.0;0.0;S????;70.2;130.0;0;0.0;0.05000000074505806;0.0;0.0;0.0;0.0;0.0;429016608.0;215056.0;228.0;158277.0;50.70000076293945;964.0;7.900000095367432;55.79999923706055;0.0;106.80000305175781;13.399999618530273;0.0;13.369999885559082;429016608.0
Seychelles;SC;0.0;0.0;248.0;Victoria, Seychelles;605.0;129.9600067138672;SCR;0.0;0.0;Victoria, Seychelles;72.8;53.0;French;0.0;0.949999988079071;0.0;0.0;0.0;-4.679574012756348;55.49197769165039;1698843008.0;97625.0;214.0;55762.0;3.4000000953674316;455.0;1.7999999523162842;88.4000015258789;0.0;100.4000015258789;17.100000381469727;2.0;0.0;1698843008.0
Ukraine;UA;297.0;0.0;380.0;Kyiv;0.0;281.6600036621094;UAH;0.0;0.0;Kyiv;71.6;19.0;Ukrainian;0.0;0.0;0.0;0.0;0.0;48.379432678222656;31.16558074951172;153781075968.0;44385156.0;75.0;30835700.0;71.69999694824219;60355.0;7.900000095367432;16.700000762939453;0.8299999833106995;99.0;82.69999694824219;0.8399999737739563;8.880000114440918;153781075968.0
Venezuela;VE;343.0;17.8799991607666;58.0;Caracas;0.0;0.0;VED;0.0;0.0;Caracas;72.1;125.0;Spanish;0.0;0.0;0.0;0.0;0.0;6.423749923706055;-66.58972930908203;482359312384.0;28515828.0;32.0;25162368.0;24.5;91205.0;254.89999389648438;52.70000076293945;0.0;97.19999694824219;79.30000305175781;0.009999999776482582;8.800000190734863;482359312384.0
North Macedonia;0;0.0;0.0;389.0;Skopje;0.0;0.0;MKD;0.0;0.0;Skopje;0;0.0;Macedonian;0.0;0.0;0.0;0.0;0.0;41.60863494873047;21.745275497436523;10220781568.0;1836713.0;83.0;0.0;0.0;25713.0;0.0;0.0;0.0;0.0;0.0;0.0;0.0;10220781568.0
Samoa;WS;0.0;24.3799991607666;685.0;Apia;246.0;117.55999755859375;WST;0.0;0.0;Apia;73.2;43.0;Samoan;0.0;0.3400000035762787;0.0;0.0;0.0;-13.759029388427734;-172.10462951660156;850655040.0;202506.0;70.0;35588.0;12.399999618530273;2831.0;1.0;60.400001525878906;0.9100000262260437;110.5;7.599999904632568;0.7799999713897705;8.359999656677246;850655040.0
Uzbekistan;UZ;68.0;0.0;998.0;Tashkent;0.0;0.0;UZS;0.0;0.0;Tashkent;71.6;29.0;Uzbek;0.0;0.0;0.0;0.0;0.0;41.37749099731445;64.58525848388672;57921286144.0;33580648.0;79.0;16935728.0;62.900001525878906;4474.0;0.0;7.5;1.0299999713897705;104.19999694824219;10.100000381469727;0.23999999463558197;5.920000076293945;57921286144.0
Mozambique;MZ;11.0;37.52000045776367;258.0;Maputo;0.0;182.30999755859375;MZN;0.0;54.0;Maputo;60.2;289.0;Portuguese;0.0;0.07999999821186066;0.0;0.0;0.0;-18.665695190429688;35.529563903808594;14934160384.0;30366036.0;40.0;11092106.0;63.5;79938.0;2.799999952316284;48.0;0.6499999761581421;112.5999984741211;7.300000190734863;0.27000001072883606;3.240000009536743;14934160384.0
Myanmar;MM;513.0;17.549999237060547;95.0;Naypyidaw;0.0;168.17999267578125;MMK;0.0;36.79999923706055;Yangon;66.9;250.0;Burmese;0.0;0.6800000071525574;0.0;0.0;0.0;21.916221618652344;95.95597076416016;76085854208.0;54045420.0;83.0;16674093.0;19.5;676578.0;8.800000190734863;43.599998474121094;0.5400000214576721;112.30000305175781;18.799999237060547;0.38999998569488525;1.5800000429153442;76085854208.0
Nicaragua;NI;12.0;20.639999389648438;505.0;Managua;0.0;162.74000549316406;NIO;0.0;0.0;Managua;74.3;98.0;Spanish;0.0;0.9800000190734863;0.0;0.0;0.0;12.865415573120117;-85.20722961425781;12520914944.0;6545502.0;55.0;3846137.0;42.099998474121094;13037.0;5.400000095367432;25.899999618530273;0.9100000262260437;120.5999984741211;17.399999618530273;0.5400000214576721;6.840000152587891;12520914944.0
Yemen;YE;40.0;30.450000762939453;967.0;Sanaa;0.0;157.5800018310547;YER;0.0;42.900001525878906;Sanaa;66.1;164.0;Arabic;0.0;0.3100000023841858;0.0;0.0;0.0;15.552726745605469;48.516387939453125;26914402304.0;29161922.0;56.0;10869523.0;44.599998474121094;527968.0;8.100000381469727;1.0;0.9200000166893005;93.5999984741211;10.199999809265137;0.0;12.90999984741211;26914402304.0
Saint Kitts and Nevis;KN;0.0;0.0;1.0;Basseterre;238.0;104.56999969482422;XCD;0.0;0.0;Basseterre;71.3;0.0;English;0.0;0.0;0.0;0.0;0.0;17.35782241821289;-62.782997131347656;1050992576.0;52823.0;205.0;16269.0;23.100000381469727;261.0;-1.0;42.29999923706055;0.0;108.69999694824219;86.69999694824219;3.3299999237060547;0.0;1050992576.0
Peru;PE;158.0;17.950000762939453;51.0;Lima;0.0;129.77999877929688;PEN;0.0;0.0;Lima;76.5;88.0;Spanish;0.0;0.0;0.0;0.0;0.0;-9.189967155456543;-75.01515197753906;226848047104.0;32510452.0;26.0;25390340.0;18.5;1285216.0;2.0999999046325684;57.70000076293945;0.9900000095367432;106.9000015258789;70.69999694824219;1.2799999713897705;3.309999942779541;226848047104.0
Senegal;SN;19.0;34.52000045776367;221.0;Dakar;0.0;109.25;XOF;0.0;0.0;Pikine;67.7;315.0;French;0.0;0.07000000029802322;0.0;0.0;0.0;14.497401237487793;-14.452362060546875;23578083328.0;16296364.0;87.0;7765706.0;46.099998474121094;196722.0;1.7999999523162842;42.79999923706055;1.1399999856948853;81.0;12.800000190734863;0.3100000023841858;6.599999904632568;23578083328.0
Sierra Leone;SL;9.0;33.40999984741211;232.0;Freetown;0.0;234.16000366210938;SLL;0.0;78.5;Freetown;54.3;1120.0;English;0.0;0.029999999329447746;0.0;0.0;0.0;8.460555076599121;-11.779889106750488;3941474304.0;7813215.0;111.0;3319366.0;54.70000076293945;7174.0;14.800000190734863;43.099998474121094;1.0800000429153442;112.80000305175781;2.0;0.5699999928474426;4.429999828338623;3941474304.0
Sweden;SE;30.0;0.0;46.0;Stockholm;0.0;110.51000213623047;SEK;0.0;0.0;S?????;82.5;4.0;Swedish;0.0;0.0;0.0;0.0;0.0;60.1281623840332;18.64350128173828;530832916480.0;10285453.0;25.0;9021165.0;7.400000095367432;450295.0;1.7999999523162842;68.9000015258789;1.4199999570846558;126.5999984741211;67.0;0.0;6.480000019073486;530832916480.0
United States;US;0.0;0.0;1.0;Washington, D.C.;0.0;117.23999786376953;USD;0.0;0.0;New York City;78.5;19.0;None;0.0;0.0;0.0;0.0;0.0;37.090240478515625;-95.712890625;21427700891648.0;328239520.0;36.0;270663040.0;44.400001525878906;9833517.0;7.5;33.900001525878906;0.7099999785423279;101.80000305175781;88.19999694824219;7.25;14.699999809265137;21427700891648.0
Oman;OM;47.0;19.190000534057617;968.0;Muscat;0.0;113.52999877929688;OMR;0.0;0.0;Seeb;77.6;19.0;Arabic;0.0;2.0;0.0;0.0;0.0;21.473533630371094;55.97541427612305;76983091200.0;5266535.0;16.0;4250777.0;4.599999904632568;3095.0;0.10000000149011612;0.0;0.44999998807907104;103.4000015258789;38.0;4.329999923706055;2.6700000762939453;76983091200.0
North Korea;KP;0.0;13.890000343322754;850.0;Pyongyang;0.0;0.0;KPW;0.0;0.0;Pyongyang;72.1;89.0;Korean;0.0;0.0;0.0;0.0;0.0;40.33985137939453;127.51009368896484;32099999744.0;25666160.0;214.0;15947412.0;21.799999237060547;120538.0;0.0;40.70000076293945;0.5799999833106995;112.80000305175781;27.0;0.0;2.740000009536743;32099999744.0
Malta;MT;2.0;0.0;356.0;Valletta;0.0;113.44999694824219;EUR;0.0;0.0;Birkirkara;82.3;6.0;Maltese;0.0;0.0;0.0;0.0;0.0;35.937496185302734;14.375415802001953;14786156544.0;502653.0;138.0;475902.0;32.400001525878906;316.0;1.600000023841858;1.100000023841858;1.3600000143051147;105.0;54.29999923706055;5.070000171661377;3.4700000286102295;14786156544.0
Slovenia;SI;7.0;0.0;386.0;Ljubljana;0.0;111.05000305175781;EUR;0.0;0.0;Ljubljana;81;7.0;Slovene language;0.0;0.0;0.0;0.0;0.0;46.151241302490234;14.995463371276855;53742157824.0;2087946.0;103.0;1144654.0;30.700000762939453;20273.0;1.600000023841858;62.0;1.3200000524520874;100.4000015258789;78.5999984741211;5.25;4.199999809265137;53742157824.0
South Korea;KR;634.0;0.0;82.0;Seoul;0.0;115.16000366210938;KRW;0.9800000190734863;0.0;Seoul;82.6;11.0;Korean;0.0;0.0;0.0;0.0;0.0;35.90775680541992;127.76692199707031;2029000065024.0;51709096.0;527.0;42106720.0;17.399999618530273;9972.0;0.4000000059604645;63.400001525878906;1.2200000286102295;98.0999984741211;94.30000305175781;6.489999771118164;4.150000095367432;2029000065024.0
Philippines;PH;153.0;20.549999237060547;63.0;Manila;0.0;129.61000061035156;PHP;0.0;0.0;Manila;71.1;121.0;English;0.0;0.6000000238418579;0.0;0.0;0.0;12.879720687866211;121.77401733398438;376795496448.0;108116616.0;368.0;50975904.0;41.70000076293945;300.0;2.5;27.799999237060547;0.8600000143051147;107.5;35.5;1.1200000047683716;2.1500000953674316;376795496448.0
Tonga;TO;0.0;0.0;676.0;Nuku????;128.0;121.08999633789062;TOP;0.0;0.0;Nuku????;70.8;52.0;Tongan Language;0.0;0.5199999809265137;0.0;0.0;0.0;-21.178985595703125;-175.1982421875;450353312.0;100209.0;147.0;24145.0;45.79999923706055;747.0;7.400000095367432;12.5;0.0;116.30000305175781;6.400000095367432;0.0;1.1200000047683716;450353312.0
Malaysia;MY;136.0;16.75;60.0;Kuala Lumpur;0.0;121.45999908447266;MYR;2.0;0.0;Johor Bahru;76;29.0;Malaysian language;0.0;0.0;0.0;0.0;0.0;4.210484027862549;101.97576904296875;364701515776.0;32447384.0;99.0;24475766.0;26.299999237060547;329847.0;0.699999988079071;67.5999984741211;0.44999998807907104;105.30000305175781;45.099998474121094;0.9300000071525574;3.319999933242798;364701515776.0
Marshall Islands;MH;0.0;0.0;692.0;Majuro;143.0;0.0;USD;0.0;0.0;Majuro;65.2;0.0;Marshallese;0.0;0.41999998688697815;0.0;0.0;0.0;7.131474018096924;171.18447875976562;221278000.0;58791.0;329.0;45514.0;63.900001525878906;181.0;0.0;70.19999694824219;1.440000057220459;84.69999694824219;23.700000762939453;2.0;0.0;221278000.0
Singapore;SG;81.0;0.0;65.0;0;0.0;114.41000366210938;SGD;0.0;0.0;0;83.1;8.0;Malay;0.0;0.0;0.0;0.0;0.0;1.3520829677581787;103.81983947753906;372062519296.0;5703569.0;8358.0;5703569.0;0.8999999761581421;716.0;0.6000000238418579;23.100000381469727;1.25;100.5999984741211;84.80000305175781;0.0;4.110000133514404;372062519296.0
Somalia;SO;20.0;41.75;252.0;Mogadishu;645.0;0.0;SOS;0.0;76.5999984741211;Bosaso;57.1;829.0;Arabic;0.0;0.019999999552965164;0.0;0.0;0.0;5.152149200439453;46.199615478515625;4720727040.0;15442905.0;25.0;7034861.0;70.30000305175781;637657.0;0.0;10.0;1.409999966621399;23.399999618530273;2.5;0.0;11.350000381469727;4720727040.0
Tanzania;TZ;28.0;36.70000076293945;255.0;Dodoma;0.0;187.42999267578125;TZS;0.0;37.599998474121094;Dar es Salaam;65;524.0;Swahili;0.0;0.009999999776482582;0.0;0.0;0.0;-6.369028091430664;34.88882064819336;63177068544.0;58005464.0;67.0;20011884.0;44.79999923706055;9473.0;3.5;51.599998474121094;0.8700000047683716;94.19999694824219;4.0;0.09000000357627869;1.9800000190734863;63177068544.0
Tuvalu;TV;0.0;0.0;688.0;Funafuti;11.0;0.0;AUD;0.0;0.0;Singapore;0;0.0;Tuvaluan Language;0.0;0.9200000166893005;0.0;0.0;0.0;-7.109535217285156;177.64932250976562;47271464.0;11646.0;393.0;7362.0;60.0;26.0;0.0;33.29999923706055;0.0;86.0;0.0;0.0;0.0;47271464.0
Uruguay;UY;22.0;13.859999656677246;598.0;Montevideo;0.0;202.9199981689453;UYU;0.0;0.0;Montevideo;77.8;17.0;Spanish;0.0;0.0;0.0;0.0;0.0;-32.52277755737305;-55.76583480834961;56045912064.0;3461734.0;20.0;3303394.0;82.5999984741211;176215.0;7.900000095367432;10.699999809265137;1.5;108.5;63.099998474121094;1.659999966621399;8.729999542236328;56045912064.0
Mexico;MX;336.0;0.0;52.0;Mexico City;0.0;141.5399932861328;MXN;0.0;11.0;Mexico City;75;33.0;None;0.0;0.0;0.0;0.0;0.0;23.63450050354004;-102.55278778076172;1258286743552.0;126014024.0;66.0;102626856.0;54.599998474121094;1964375.0;3.5999999046325684;33.900001525878906;0.7300000190734863;105.80000305175781;40.20000076293945;0.49000000953674316;3.4200000762939453;1258286743552.0
Tajikistan;TJ;17.0;30.760000228881836;992.0;Dushanbe;0.0;148.57000732421875;TJS;0.0;0.0;Dushanbe;70.9;17.0;Persian;0.0;0.0;0.0;0.0;0.0;38.86103439331055;71.27609252929688;8116626944.0;9321018.0;68.0;2545477.0;34.099998474121094;1441.0;6.0;3.0;0.7099999785423279;100.9000015258789;31.299999237060547;0.23000000417232513;11.020000457763672;8116626944.0
Turkey;TR;512.0;0.0;90.0;Ankara;0.0;234.44000244140625;TRY;0.0;0.0;Istanbul;77.4;17.0;Turkish;0.0;0.0;0.0;0.0;0.0;38.9637451171875;35.24332046508789;754411700224.0;83429616.0;110.0;63097816.0;49.79999923706055;783562.0;15.199999809265137;15.399999618530273;1.4199999570846558;93.19999694824219;23.899999618530273;3.450000047683716;13.489999771118164;754411700224.0
Luxembourg;LU;2.0;0.0;352.0;Luxembourg City;0.0;115.08999633789062;EUR;0.0;0.0;Luxembourg City;82.1;5.0;Luxembourgish;0.0;0.0;0.0;0.0;0.0;49.81527328491211;6.12958288192749;71104921600.0;645397.0;242.0;565488.0;53.70000076293945;2586.0;1.7000000476837158;35.70000076293945;1.190000057220459;102.30000305175781;19.200000762939453;13.050000190734863;5.360000133514404;71104921600.0
Montenegro;ME;12.0;0.0;382.0;Podgorica;0.0;116.31999969482422;EUR;0.0;0.0;Podgorica;76.8;6.0;Montenegrin language;0.0;0.0;0.0;0.0;0.0;42.70867919921875;19.3743896484375;5494736896.0;622137.0;47.0;417765.0;19.0;13812.0;2.5999999046325684;61.5;1.159999966621399;100.0;56.099998474121094;1.2300000190734863;14.880000114440918;5494736896.0
Zimbabwe;ZW;51.0;30.68000030517578;263.0;Harare;0.0;105.51000213623047;0;0.0;33.900001525878906;Harare;61.2;458.0;Shona;0.0;0.20999999344348907;0.0;0.0;0.0;-19.015438079833984;29.154857635498047;21440759808.0;14645468.0;38.0;4717305.0;41.900001525878906;390757.0;0.8999999761581421;35.5;1.340000033378601;109.9000015258789;10.0;0.0;4.949999809265137;21440759808.0
Malawi;MW;15.0;34.119998931884766;265.0;Lilongwe;0.0;418.3399963378906;MWK;0.0;35.29999923706055;Lilongwe;63.8;349.0;English;0.0;0.03999999910593033;0.0;0.0;0.0;-13.254307746887207;34.3015251159668;7666704384.0;18628748.0;203.0;3199301.0;61.400001525878906;118484.0;9.399999618530273;33.20000076293945;1.149999976158142;142.5;0.800000011920929;0.11999999731779099;5.650000095367432;7666704384.0
New Zealand;NZ;9.0;0.0;64.0;Wellington;0.0;114.23999786376953;NZD;0.0;0.0;Auckland;81.9;9.0;English;0.0;0.0;0.0;0.0;0.0;-40.90055847167969;174.88597106933594;206928773120.0;4841000.0;18.0;4258860.0;40.5;268838.0;1.600000023841858;38.599998474121094;1.399999976158142;100.0;82.0;11.489999771118164;4.070000171661377;206928773120.0
Saint Vincent and the Grenadines;VC;0.0;14.239999771118164;1.0;Kingstown;220.0;109.66999816894531;XCD;0.0;0.0;Calliaqua;72.4;68.0;English;0.0;0.6600000262260437;0.0;0.0;0.0;12.984305381774902;-61.287227630615234;825385216.0;100455.0;284.0;58185.0;25.600000381469727;389.0;2.299999952316284;69.19999694824219;0.0;113.4000015258789;23.700000762939453;1.159999966621399;18.8799991607666;825385216.0
Mongolia;MN;18.0;24.1299991607666;976.0;Ulaanbaatar;0.0;195.75999450683594;MNT;0.0;14.0;Ulaanbaatar;69.7;45.0;Mongolian;0.0;0.0;0.0;0.0;0.0;46.86249542236328;103.8466567993164;13852850176.0;3225167.0;2.0;2210626.0;71.5;1564116.0;7.300000190734863;8.0;0.7200000286102295;104.0;65.5999984741211;0.6499999761581421;6.010000228881836;13852850176.0
Palestinian National Authority;0;0.0;0.0;0.0;0;0.0;0.0;0;0.0;0.0;0;0;0.0;Arabic;0.0;0.0;0.0;0.0;0.0;31.95216178894043;35.233154296875;0.0;0.0;847.0;0.0;0.0;0.0;0.0;0.0;0.0;0.0;0.0;0.0;0.0;0.0
Poland;PL;191.0;0.0;48.0;Warsaw;0.0;114.11000061035156;PLN;0.0;0.0;Warsaw;77.6;2.0;Polish;0.0;0.0;0.0;0.0;0.0;51.919437408447266;19.1451358795166;592164421632.0;37970872.0;124.0;22796574.0;46.900001525878906;312685.0;2.200000047683716;30.899999618530273;1.0700000524520874;100.0;67.80000305175781;2.930000066757202;3.4700000286102295;592164421632.0
Nigeria;NG;215.0;37.90999984741211;234.0;Abuja;0.0;267.510009765625;NGN;0.0;75.69999694824219;Lagos;54.3;917.0;English;0.0;0.3799999952316284;0.0;0.0;0.0;9.081998825073242;8.675276756286621;448120422400.0;200963600.0;226.0;102806944.0;77.69999694824219;923768.0;11.399999618530273;7.199999809265137;0.46000000834465027;84.69999694824219;10.199999809265137;0.5400000214576721;8.100000381469727;448120422400.0
Portugal;PT;52.0;0.0;351.0;Lisbon;0.0;110.62000274658203;EUR;0.0;0.0;Lisbon;81.3;8.0;Portuguese;0.0;0.0;0.0;0.0;0.0;39.399871826171875;-8.224453926086426;237686079488.0;10269417.0;111.0;6753579.0;39.5;92212.0;0.30000001192092896;34.599998474121094;1.5399999618530273;106.19999694824219;63.900001525878906;3.7799999713897705;6.329999923706055;237686079488.0
Libya;LY;0.0;18.829999923706055;218.0;0;0.0;125.70999908447266;LYD;0.0;0.0;0;72.7;72.0;Arabic;0.0;0.0;0.0;0.0;0.0;26.335100173950195;17.228330612182617;52076249088.0;6777452.0;4.0;5448597.0;8.699999809265137;1759540.0;2.5999999046325684;0.10000000149011612;0.10999999940395355;109.0;60.5;1.8799999952316284;18.559999465942383;52076249088.0
Maldives;MV;5.0;0.0;960.0;Mal?;0.0;99.69999694824219;0;0.0;0.0;Mal?;78.6;53.0;Divehi;0.0;0.0;0.0;0.0;0.0;3.2027781009674072;73.2206802368164;5729248256.0;530953.0;1802.0;213645.0;26.299999237060547;298.0;0.20000000298023224;3.299999952316284;1.6299999952316284;97.0999984741211;31.200000762939453;0.0;6.139999866485596;5729248256.0
Papua New Guinea;PG;4.0;0.0;675.0;Port Moresby;0.0;155.99000549316406;PGK;0.0;38.0;Port Moresby;64.3;145.0;Tok Pisin;0.0;0.07000000029802322;0.0;0.0;0.0;-6.314992904663086;143.95555114746094;24969611264.0;8776109.0;20.0;1162834.0;2.5999999046325684;46284.0;3.5999999046325684;74.0999984741211;1.3600000143051147;108.5;1.7999999523162842;1.159999966621399;2.4600000381469727;24969611264.0
Rwanda;RW;35.0;0.0;250.0;Kigali;0.0;151.08999633789062;RWF;0.0;27.0;Kigali;68.7;248.0;Swahili;0.0;0.12999999523162842;0.0;0.0;0.0;-1.9402780532836914;29.87388801574707;10122472448.0;12626950.0;525.0;2186104.0;73.4000015258789;26338.0;3.4000000953674316;19.700000762939453;1.1699999570846558;133.0;6.699999809265137;0.0;1.0299999713897705;10122472448.0
Romania;RO;126.0;0.0;40.0;Bucharest;0.0;123.77999877929688;RON;0.0;0.0;Bucharest;75.4;19.0;Romanian;0.0;0.0;0.0;0.0;0.0;45.94316101074219;24.966760635375977;250077446144.0;19356544.0;84.0;10468793.0;58.79999923706055;238391.0;3.799999952316284;30.100000381469727;1.159999966621399;85.19999694824219;49.400001525878906;2.25;3.9800000190734863;250077446144.0
Sudan;SD;124.0;32.18000030517578;249.0;Khartoum;20.0;0.0;SDG;0.0;42.099998474121094;Omdurman;65.1;295.0;Arabic;0.0;0.25999999046325684;0.0;0.0;0.0;12.862807273864746;30.217636108398438;18902284288.0;42813240.0;25.0;14957233.0;28.700000762939453;1861484.0;51.0;8.100000381469727;0.949999988079071;76.80000305175781;16.899999618530273;0.4099999964237213;16.530000686645508;18902284288.0
Federated States of Micronesia;FM;0.0;22.81999969482422;691.0;Palikir;143.0;112.0999984741211;USD;0.0;0.0;Palikir;67.8;88.0;English;0.0;0.18000000715255737;0.0;0.0;0.0;7.425553798675537;150.55081176757812;401932288.0;113815.0;784.0;25963.0;31.399999618530273;702.0;0.5;91.9000015258789;0.0;97.19999694824219;14.100000381469727;0.0;0.0;401932288.0
Solomon Islands;SB;0.0;32.439998626708984;677.0;Honiara;169.0;133.05999755859375;SBD;0.0;0.0;Honiara;72.8;104.0;English;0.0;0.1899999976158142;0.0;0.0;0.0;-9.645709991455078;160.15618896484375;1425074176.0;669823.0;25.0;162164.0;3.9000000953674316;28896.0;1.600000023841858;77.9000015258789;0.0;106.19999694824219;0.0;0.4000000059604645;0.5799999833106995;1425074176.0
Palau;PW;0.0;14.0;680.0;Ngerulmud;224.0;118.16999816894531;USD;0.0;0.0;Koror;69.1;0.0;English;0.0;0.0;0.0;0.0;0.0;7.514979839324951;134.58251953125;283994912.0;18233.0;39.0;14491.0;10.899999618530273;459.0;1.2999999523162842;87.5999984741211;0.0;112.5999984741211;54.70000076293945;3.0;0.0;283994912.0
Nepal;NP;112.0;19.889999389648438;977.0;Kathmandu;0.0;188.72999572753906;NPR;0.0;0.0;Kathmandu;70.5;186.0;Nepali;0.0;0.75;0.0;0.0;0.0;28.39485740661621;84.12400817871094;30641381376.0;28608710.0;203.0;5765513.0;28.700000762939453;147181.0;5.599999904632568;25.399999618530273;0.9100000262260437;142.10000610351562;12.399999618530273;0.36000001430511475;1.409999966621399;30641381376.0
Suriname;SR;2.0;18.540000915527344;597.0;Paramaribo;0.0;294.6600036621094;SRD;0.0;0.0;Paramaribo;71.6;120.0;Dutch;0.0;0.0;0.0;0.0;0.0;3.9193050861358643;-56.02778244018555;3985250816.0;581372.0;4.0;384258.0;0.6000000238418579;16382.0;22.0;98.30000305175781;1.2899999618530273;108.80000305175781;12.600000381469727;0.0;7.329999923706055;3985250816.0
Tunisia;TN;48.0;17.559999465942383;216.0;Tunis;0.0;155.3300018310547;TND;0.0;0.0;Tunis;76.5;43.0;Arabic;0.0;0.0;0.0;0.0;0.0;33.88691711425781;9.53749942779541;38797709312.0;11694719.0;76.0;8099061.0;64.80000305175781;16361.0;6.699999809265137;6.800000190734863;0.7300000190734863;115.4000015258789;31.700000762939453;0.4699999988079071;16.020000457763672;38797709312.0
Syria;SY;239.0;23.690000534057617;963.0;Damascus;0.0;143.1999969482422;SYP;0.0;14.0;Damascus;71.8;31.0;Arabic;0.0;0.0;0.0;0.0;0.0;34.80207443237305;38.9968147277832;40405004288.0;17070136.0;95.0;9358019.0;75.80000305175781;18518.0;36.70000076293945;2.700000047683716;0.8299999833106995;81.69999694824219;40.099998474121094;1.0199999809265137;8.369999885559082;40405004288.0
Trinidad and Tobago;TT;4.0;0.0;1.0;Port of Spain;0.0;141.75;TTD;0.0;0.0;Chaguanas;73.4;67.0;English;0.0;0.0;0.0;0.0;0.0;10.691802978515625;-61.222503662109375;24100202496.0;1394973.0;273.0;741944.0;10.5;5128.0;1.0;46.0;0.5400000214576721;106.19999694824219;12.0;2.25;2.690000057220459;24100202496.0
Lithuania;LT;34.0;10.0;370.0;Vilnius;0.0;118.37999725341797;EUR;0.0;0.0;Vilnius;75.7;8.0;Lithuanian;0.0;0.0;0.0;0.0;0.0;55.169437408447266;23.881275177001953;54219317248.0;2786844.0;43.0;1891013.0;47.20000076293945;653.0;2.299999952316284;34.79999923706055;1.159999966621399;103.9000015258789;72.4000015258789;2.4100000858306885;6.349999904632568;54219317248.0
Saudi Arabia;SA;252.0;0.0;966.0;Riyadh;0.0;118.4000015258789;SAR;0.0;6.0;Riyadh;75;17.0;Arabic;0.0;0.0;0.0;0.0;0.0;23.885942459106445;45.07916259765625;792966856704.0;34268528.0;16.0;28807838.0;80.80000305175781;2149690.0;-1.2000000476837158;0.5;0.23999999463558197;99.80000305175781;68.0;3.8499999046325684;5.929999828338623;792966856704.0
Serbia;RS;32.0;0.0;381.0;Belgrade;0.0;144.0;RSD;0.0;0.0;Belgrade;75.5;12.0;Serbian;0.0;0.0;0.0;0.0;0.0;44.01652145385742;21.005859375;51409166336.0;6944975.0;100.0;3907243.0;39.29999923706055;77474.0;1.7999999523162842;31.100000381469727;1.159999966621399;100.30000305175781;67.19999694824219;1.5700000524520874;12.6899995803833;51409166336.0
Norway;NO;23.0;0.0;47.0;Oslo;0.0;120.2699966430664;NOK;0.0;0.0;Oslo;82.8;2.0;Norwegian;0.0;0.0;0.0;0.0;0.0;60.472023010253906;8.46894645690918;403336364032.0;5347896.0;15.0;4418218.0;2.700000047683716;323802.0;2.200000047683716;33.20000076293945;1.7799999713897705;100.30000305175781;82.0;0.0;3.3499999046325684;403336364032.0
South Africa;ZA;80.0;20.510000228881836;27.0;Pretoria;0.0;158.92999267578125;ZAR;0.0;0.0;Johannesburg;63.9;119.0;Afrikaans;0.0;0.9100000262260437;0.0;0.0;0.0;-30.55948257446289;22.9375057220459;351431655424.0;58558272.0;49.0;39149716.0;79.80000305175781;1219090.0;4.099999904632568;7.599999904632568;0.9200000166893005;100.9000015258789;22.399999618530273;0.0;28.18000030517578;351431655424.0
Sri Lanka;LK;317.0;15.829999923706055;94.0;Colombo;0.0;155.52999877929688;LKR;0.0;0.0;Colombo;76.8;36.0;Tamil;0.0;1.0;0.0;0.0;0.0;7.873054027557373;80.77179718017578;84008779776.0;21803000.0;341.0;4052088.0;43.70000076293945;6561.0;3.5;32.900001525878906;0.8799999952316284;100.19999694824219;19.600000381469727;0.3499999940395355;4.199999809265137;84008779776.0
Turkmenistan;TM;42.0;23.829999923706055;993.0;Ashgabat;0.0;0.0;TMT;0.0;39.29999923706055;Ashgabat;68.1;7.0;Turkmen;0.0;0.0;0.0;0.0;0.0;38.96971893310547;59.556278228759766;40761143296.0;5942089.0;13.0;3092738.0;72.0;4881.0;0.0;8.800000190734863;0.28999999165534973;88.4000015258789;8.0;0.8799999952316284;3.9100000858306885;40761143296.0
Uganda;UG;46.0;38.13999938964844;256.0;Kampala;0.0;173.8699951171875;UGX;0.0;33.79999923706055;Buganda;63;375.0;Swahili;0.0;0.17000000178813934;0.0;0.0;0.0;1.3733329772949219;32.29027557373047;34387230720.0;44269592.0;229.0;10784516.0;71.9000015258789;241038.0;2.9000000953674316;9.699999809265137;0.9399999976158142;102.69999694824219;4.800000190734863;0.009999999776482582;1.840000033378601;34387230720.0
Spain;ES;196.0;0.0;34.0;Madrid;0.0;110.95999908447266;EUR;0.0;0.0;Madrid;83.3;4.0;Spanish;0.0;0.0;0.0;0.0;0.0;40.46366882324219;-3.7492198944091797;1394116263936.0;47076780.0;94.0;37927408.0;52.599998474121094;50537.0;0.699999988079071;36.900001525878906;1.2599999904632568;102.69999694824219;88.9000015258789;5.599999904632568;13.960000038146973;1394116263936.0
Mauritania;MR;21.0;33.689998626708984;222.0;Nouakchott;0.0;135.02000427246094;MRU;0.0;51.5;Nouakchott;64.7;766.0;Arabic;0.0;0.1899999976158142;0.0;0.0;0.0;21.007890701293945;-10.940834999084473;7593752576.0;4525696.0;5.0;2466821.0;38.5;1030700.0;2.299999952316284;0.20000000298023224;1.1299999952316284;99.9000015258789;5.0;0.5299999713897705;9.550000190734863;7593752576.0
Namibia;0;16.0;28.639999389648438;264.0;Windhoek;0.0;157.97000122070312;0;0.0;29.0;Windhoek;63.4;195.0;English;0.0;0.41999998688697815;0.0;0.0;0.0;-22.957639694213867;18.49040985107422;12366527488.0;2494530.0;3.0;1273258.0;47.099998474121094;824292.0;3.700000047683716;8.300000190734863;0.7599999904632568;124.19999694824219;22.899999618530273;0.0;20.270000457763672;12366527488.0
Switzerland;CH;21.0;10.0;41.0;Bern;0.0;99.55000305175781;CHF;0.0;0.0;Z???;83.6;5.0;German;0.0;0.0;0.0;0.0;0.0;46.81818771362305;8.22751235961914;703082463232.0;8574832.0;219.0;6332428.0;38.400001525878906;41277.0;0.4000000059604645;31.799999237060547;1.4500000476837158;105.19999694824219;59.599998474121094;0.0;4.579999923706055;703082463232.0
Niger;NE;10.0;46.08000183105469;227.0;Niamey;0.0;109.31999969482422;XOF;0.0;48.0;Niamey;62;509.0;French;0.0;0.03999999910593033;0.0;0.0;0.0;17.6077880859375;8.081665992736816;12928145408.0;23310716.0;19.0;3850231.0;36.099998474121094;1267000.0;-2.5;0.8999999761581421;0.8799999952316284;74.69999694824219;4.400000095367432;0.28999999165534973;0.4699999988079071;12928145408.0
Pakistan;PK;936.0;28.25;92.0;Islamabad;0.0;182.32000732421875;PKR;0.0;57.20000076293945;Karachi;67.1;140.0;Urdu;0.0;0.9800000190734863;0.0;0.0;0.0;30.375320434570312;69.3451156616211;304400007168.0;216565312.0;287.0;79927760.0;47.79999923706055;796095.0;10.600000381469727;1.899999976158142;0.7900000214576721;94.30000305175781;9.0;0.6899999976158142;4.449999809265137;304400007168.0
Togo;TG;10.0;33.11000061035156;228.0;Lom?;3.0;113.30000305175781;XOF;0.0;47.400001525878906;Lom?;60.8;396.0;French;0.0;0.07999999821186066;0.0;0.0;0.0;8.619543075561523;0.8247820138931274;5459979264.0;8082366.0;152.0;3414638.0;70.19999694824219;56785.0;0.699999988079071;3.0999999046325684;0.7099999785423279;123.80000305175781;14.5;0.3400000035762787;2.0399999618530273;5459979264.0
Zambia;ZM;16.0;36.189998626708984;260.0;Lusaka;0.0;212.30999755859375;ZMW;0.0;40.400001525878906;Lusaka;63.5;213.0;English;0.0;0.0;0.0;0.0;0.0;-13.133896827697754;27.849332809448242;23064723456.0;17861030.0;25.0;7871713.0;32.099998474121094;752618.0;9.199999809265137;65.19999694824219;1.399999976158142;98.69999694824219;4.099999904632568;0.23999999463558197;11.430000305175781;23064723456.0
Vanuatu;VU;0.0;0.0;678.0;Port Vila;147.0;117.12999725341797;VUV;0.0;0.0;Port Vila;70.3;72.0;French;0.0;0.17000000178813934;0.0;0.0;0.0;-15.37670612335205;166.9591522216797;917058880.0;299882.0;25.0;76152.0;15.300000190734863;12189.0;2.799999952316284;36.099998474121094;1.309999942779541;109.30000305175781;4.699999809265137;1.559999942779541;4.389999866485596;917058880.0
Slovakia;SK;16.0;0.0;421.0;Bratislava;0.0;115.33999633789062;EUR;0.0;0.0;Bratislava;77.2;5.0;Slovak;0.0;0.0;0.0;0.0;0.0;48.66902542114258;19.699024200439453;105422307328.0;5454073.0;114.0;2930419.0;39.20000076293945;49035.0;2.700000047683716;40.400001525878906;1.3200000524520874;98.69999694824219;46.599998474121094;3.109999895095825;5.559999942779541;105422307328.0
Mauritius;MU;3.0;0.0;230.0;Port Louis;0.0;129.91000366210938;MUR;0.0;0.0;Port Louis;74.4;61.0;French;0.0;0.0;0.0;0.0;0.0;-20.348403930664062;57.55215072631836;14180444160.0;1265711.0;626.0;51598.0;42.400001525878906;204.0;0.4000000059604645;19.0;1.1200000047683716;101.0999984741211;40.599998474121094;0.3799999952316284;6.670000076293945;14180444160.0
South Sudan;SS;185.0;35.0099983215332;211.0;Juba;0.0;0.0;SSP;0.0;63.70000076293945;Juba;57.6;1150.0;English;0.0;0.0;0.0;0.0;0.0;6.8769917488098145;31.306978225708008;11997800448.0;11062113.0;18.0;2201250.0;0.0;644329.0;187.89999389648438;0.0;0.2800000011920929;73.0;0.0;0.0;12.239999771118164;11997800448.0
United Arab Emirates;AE;63.0;0.0;971.0;Abu Dhabi;0.0;114.5199966430664;AED;0.0;0.0;Dubai;77.8;3.0;Arabic;0.0;0.0;0.0;0.0;0.0;23.424076080322266;53.847816467285156;421142265856.0;9770529.0;118.0;8479744.0;5.5;836.0;-1.899999976158142;4.599999904632568;0.49000000953674316;108.4000015258789;36.79999923706055;0.0;2.3499999046325684;421142265856.0
Moldova;MD;7.0;0.0;373.0;Chi????;0.0;166.1999969482422;MDL;0.0;0.0;Chi????;71.8;19.0;Romanian;0.0;0.0;0.0;0.0;0.0;47.4116325378418;28.369884490966797;11955435520.0;2657637.0;123.0;1135502.0;74.19999694824219;33851.0;4.800000190734863;12.600000381469727;0.800000011920929;90.5999984741211;39.79999923706055;0.3100000023841858;5.46999979019165;11955435520.0
Saint Lucia;LC;0.0;12.0;1.0;Castries;414.0;110.12999725341797;XCD;0.0;0.0;Castries;76.1;117.0;English;0.0;0.6399999856948853;0.0;0.0;0.0;13.909443855285645;-60.9788932800293;2122450688.0;18279.0;301.0;3428.0;17.399999618530273;616.0;1.899999976158142;33.20000076293945;1.2999999523162842;102.5999984741211;14.100000381469727;0.0;20.709999084472656;2122450688.0
United Kingdom;GB;148.0;11.0;44.0;London;0.0;119.62000274658203;GBP;0.0;0.0;London;81.3;7.0;English;0.0;0.0;0.0;0.0;0.0;55.3780517578125;-3.4359729290008545;2827113201664.0;66834404.0;281.0;55908316.0;71.69999694824219;24361.0;1.7000000476837158;13.100000381469727;1.4600000381469727;101.19999694824219;60.0;10.130000114440918;3.8499999046325684;2827113201664.0
Liechtenstein;LI;0.0;0.0;423.0;Vaduz;51.0;0.0;CHF;0.0;0.0;Schaan;83;0.0;German;0.0;0.0;0.0;0.0;0.0;47.14104080200195;9.52093505859375;6552858624.0;38019.0;238.0;5464.0;32.20000076293945;160.0;0.0;43.099998474121094;1.7400000095367432;104.69999694824219;35.599998474121094;0.0;0.0;6552858624.0
San Marino;SM;0.0;0.0;378.0;City of San Marino;0.0;110.62999725341797;EUR;0.0;0.0;City of San Marino;85.4;0.0;Italian;0.0;0.0;0.0;0.0;0.0;43.942359924316406;12.45777702331543;1637931008.0;3386.0;566.0;32969.0;16.700000762939453;61.0;1.0;0.0;0.0;108.0999984741211;42.5;0.0;0.0;1637931008.0
Vietnam;VN;522.0;16.75;84.0;Hanoi;0.0;163.52000427246094;VND;0.0;0.0;Ho Chi Minh City;75.3;43.0;Vietnamese;0.0;0.8199999928474426;0.0;0.0;0.0;14.058323860168457;108.2771987915039;261921243136.0;96462104.0;314.0;35332140.0;39.29999923706055;33121.0;2.799999952316284;48.099998474121094;0.800000011920929;110.5999984741211;28.5;0.7300000190734863;2.009999990463257;261921243136.0
Mali;ML;18.0;41.540000915527344;223.0;Bamako;0.0;108.7300033569336;XOF;0.0;62.0;Bamako;58.9;562.0;French;0.0;0.12999999523162842;0.0;0.0;0.0;17.57069206237793;-3.9961659908294678;17510141952.0;19658032.0;17.0;8479688.0;33.79999923706055;1240192.0;-1.7000000476837158;3.799999952316284;1.1200000047683716;75.5999984741211;4.5;0.23000000417232513;7.21999979019165;17510141952.0
Netherlands;NL;41.0;0.0;31.0;Amsterdam;0.0;115.91000366210938;0;0.0;0.0;Amsterdam;81.8;5.0;Dutch;0.0;0.0;0.0;0.0;0.0;52.132633209228516;5.291265964508057;909070368768.0;17332850.0;508.0;15924729.0;53.29999923706055;41543.0;2.5999999046325684;11.199999809265137;1.6799999475479126;104.19999694824219;85.0;10.289999961853027;3.200000047683716;909070368768.0
Thailand;TH;455.0;0.0;66.0;Bangkok;0.0;113.2699966430664;THB;0.0;0.0;Bangkok;76.9;37.0;Thai;0.0;0.8100000023841858;0.0;0.0;0.0;15.87003231048584;100.99253845214844;543649988608.0;69625584.0;137.0;35294600.0;43.29999923706055;51312.0;0.699999988079071;32.20000076293945;0.7099999785423279;99.80000305175781;49.29999923706055;1.059999942779541;0.75;543649988608.0
East Timor;TL;2.0;29.420000076293945;670.0;Dili;495.0;145.3800048828125;USD;0.0;39.29999923706055;Dili;69.3;142.0;Portuguese;0.0;0.7200000286102295;0.0;0.0;0.0;-8.87421703338623;125.7275390625;1673540352.0;3500000.0;89.0;400182.0;25.600000381469727;14874.0;2.5999999046325684;45.400001525878906;1.100000023841858;115.30000305175781;17.799999237060547;0.6000000238418579;4.550000190734863;1673540352.0
Qatar;QA;22.0;0.0;974.0;Doha;0.0;115.37999725341797;QAR;0.0;0.0;Doha;80.1;9.0;Arabic;0.0;0.0;0.0;0.0;0.0;25.354825973510742;51.18388366699219;183466213376.0;2832067.0;248.0;2809071.0;5.800000190734863;11586.0;-0.699999988079071;0.0;0.4000000059604645;103.80000305175781;17.899999618530273;0.0;0.09000000357627869;183466213376.0
Monaco;MC;0.0;0.0;377.0;Monaco City;0.0;0.0;EUR;0.0;0.0;Monaco City;0;0.0;French;0.0;0.0;0.0;0.0;0.0;43.73841857910156;7.424615859985352;7184844288.0;38964.0;26337.0;38964.0;0.0;2.0;0.0;0.0;2.0;0.0;0.0;11.720000267028809;0.0;7184844288.0
Morocco;MA;246.0;18.940000534057617;212.0;Rabat;0.0;111.06999969482422;MAD;0.0;0.0;Casablanca;76.5;70.0;Arabic;0.0;0.7300000190734863;0.0;0.0;0.0;31.791702270507812;-7.092619895935059;118725279744.0;36910560.0;83.0;22975026.0;68.5;44655.0;0.20000000298023224;12.600000381469727;0.9900000095367432;113.9000015258789;35.900001525878906;1.600000023841858;9.020000457763672;118725279744.0
